forpa,tailo,sampa,ipa,ipa_tone
a,a,a,a,a_{0}
ah,ah,a?,aʔ,aʔ_{0}
ai,ai,ai,ai,ai_{0}
aih,aih,ai?,aiʔ,aiʔ_{0}
ainn,ainn,a~i~,ãi,ãi_{0}
ainnh,ainnh,a~i~?,ãiʔ,ãiʔ_{0}
ak,ak,ak,ak,ak_{0}
am,am,am,am,am_{0}
an,an,an,an,an_{0}
ang,ang,aN,aŋ,aŋ_{0}
ann,ann,a~,ã,ã_{0}
annh,annh,a~?,ãʔ,ãʔ_{0}
ap,ap,ap,ap,ap_{0}
at,at,at,at,at_{0}
au,au,au,au,au_{0}
aunn,aunn,a~u~,ãu,ãu_{0}
ba,pa,b-a,p-a,p-a_{0}
bah,pah,b-a?,p-aʔ,p-aʔ_{0}
bai,pai,b-ai,p-ai,p-ai_{0}
bainn,painn,b-a~i~,p-ãi,p-ãi_{0}
bak,pak,b-ak,p-ak,p-ak_{0}
ban,pan,b-an,p-an,p-an_{0}
bang,pang,b-aN,p-aŋ,p-aŋ_{0}
bann,pann,b-a~,p-ã,p-ã_{0}
bat,pat,b-at,p-at,p-at_{0}
bau,pau,b-au,p-au,p-au_{0}
bauh,pauh,b-au?,p-auʔ,p-auʔ_{0}
be,pe,b-E,p-e,p-e_{0}
beh,peh,b-E?,p-eʔ,p-eʔ_{0}
ben,pian,b-i-En,p-i-en,p-i_{0}-en_{0}
benn,penn,b-e~,p-ẽ,p-ẽ_{0}
ber,per,b-@,p-ə,p-ə_{0}
ber,po,b-@,p-ə,p-ə_{0}
berh,poh,b-@?,p-əʔ,p-əʔ_{0}
bet,piat,b-i-Et,p-i-et,p-i_{0}-et_{0}
bha,ba,B-a,b-a,b-a_{0}
bhah,bah,B-a?,b-aʔ,b-aʔ_{0}
bhai,bai,B-ai,b-ai,b-ai_{0}
bhak,bak,B-ak,b-ak,b-ak_{0}
bham,bam,B-am,b-am,b-am_{0}
bhan,ban,B-an,b-an,b-an_{0}
bhang,bang,B-aN,b-aŋ,b-aŋ_{0}
bhat,bat,B-at,b-at,b-at_{0}
bhau,bau,B-au,b-au,b-au_{0}
bhauh,bauh,B-au?,b-auʔ,b-auʔ_{0}
bhe,be,B-E,b-e,b-e_{0}
bheh,beh,B-E?,b-eʔ,b-eʔ_{0}
bhen,bian,B-i-En,b-i-en,b-i_{0}-en_{0}
bher,bo,B-@,b-ə,b-ə_{0}
bher,ber,B-@,b-ə,b-ə_{0}
bherh,berh,B-@?,b-əʔ,b-əʔ_{0}
bherh,boh,B-@?,b-əʔ,b-əʔ_{0}
bhet,biat,B-i-Et,b-i-et,b-i_{0}-et_{0}
bhi,bi,B-i,b-i,b-i_{0}
bhiang,biang,B-i-aN,b-i-aŋ,b-i_{0}-aŋ_{0}
bhiau,biau,B-i-au,b-i-au,b-i_{0}-au_{0}
bhien,bian,B-i-En,b-i-en,b-i_{0}-en_{0}
bhien,bian,B-i-En,b-i-en,b-i_{0}-en_{0}
bhier,bio,B-i-@,b-i-ə,b-i_{0}-ə_{0}
bhiet,biat,B-i-Et,b-i-et,b-i_{0}-et_{0}
bhih,bih,B-i?,b-iʔ,b-iʔ_{0}
bhik,bik,B-ik,b-ik,b-ik_{0}
bhin,bin,B-in,b-in,b-in_{0}
bhing,bing,B-iN,b-iŋ,b-iŋ_{0}
bhit,bit,B-it,b-it,b-it_{0}
bhiu,biu,B-i-u,b-i-u,b-i_{0}-u_{0}
bhng,bng,B-@N,b-ŋ̩,b-ŋ̩_{0}
bho,boo,B-O,b-ɔ,b-ɔ_{0}
bhok,bok,B-Ok,b-ɔk,b-ɔk_{0}
bhong,bong,B-ON,b-ɔŋ,b-ɔŋ_{0}
bhu,bu,B-u,b-u,b-u_{0}
bhua,bua,B-u-a,b-u-a,b-u_{0}-a_{0}
bhuah,buah,B-u-a?,b-u-aʔ,b-u_{0}-aʔ_{0}
bhuai,buai,B-u-ai,b-u-ai,b-u_{0}-ai_{0}
bhuaih,buaih,B-u-ai?,b-u-aiʔ,b-u_{0}-aiʔ_{0}
bhuan,buan,B-u-an,b-u-an,b-u_{0}-an_{0}
bhuat,buat,B-u-at,b-u-at,b-u_{0}-at_{0}
bhue,bue,B-u-E,b-u-e,b-u_{0}-e_{0}
bhueh,bueh,B-u-E?,b-u-eʔ,b-u_{0}-eʔ_{0}
bhuh,buh,B-u?,b-uʔ,b-uʔ_{0}
bhui,bui,B-u-i,b-u-i,b-u_{0}-i_{0}
bhun,bun,B-un,b-un,b-un_{0}
bhut,but,B-ut,b-ut,b-ut_{0}
bi,pi,b-i,p-i,p-i_{0}
bia,pia,b-i-a,p-i-a,p-i_{0}-a_{0}
biah,piah,b-i-a?,p-i-aʔ,p-i_{0}-aʔ_{0}
biak,piak,b-i-ak,p-i-ak,p-i_{0}-ak_{0}
biang,piang,b-i-aN,p-i-aŋ,p-i_{0}-aŋ_{0}
biann,piann,b-i~-a~,p-i-ã,p-i_{0}-ã_{0}
biau,piau,b-i-au,p-i-au,p-i_{0}-au_{0}
bien,pian,b-i-En,p-i-en,p-i_{0}-en_{0}
bier,pio,b-i-@,p-i-ə,p-i_{0}-ə_{0}
biet,piat,b-i-Et,p-i-et,p-i_{0}-et_{0}
bih,pih,b-i?,p-iʔ,p-iʔ_{0}
bik,pik,b-ik,p-ik,p-ik_{0}
bin,pin,b-in,p-in,p-in_{0}
bing,ping,b-iN,p-iŋ,p-iŋ_{0}
binn,pinn,b-i~,p-ĩ,p-ĩ_{0}
bit,pit,b-it,p-it,p-it_{0}
biu,piu,b-i-u,p-i-u,p-i_{0}-u_{0}
bng,png,b-@N,p-ŋ̩,p-ŋ̩_{0}
bo,poo,b-O,p-ɔ,p-ɔ_{0}
bok,pok,b-Ok,p-ɔk,p-ɔk_{0}
bong,pong,b-ON,p-ɔŋ,p-ɔŋ_{0}
bonn,ponn,b-o~,p-ɔ̃,p-ɔ̃_{0}
bu,pu,b-u,p-u,p-u_{0}
bua,pua,b-u-a,p-u-a,p-u_{0}-a_{0}
buah,puah,b-u-a?,p-u-aʔ,p-u_{0}-aʔ_{0}
buan,puan,b-u-an,p-u-an,p-u_{0}-an_{0}
buann,puann,b-u~-a~,p-u-ã,p-u_{0}-ã_{0}
buat,puat,b-u-at,p-u-at,p-u_{0}-at_{0}
bue,pue,b-u-E,p-u-e,p-u_{0}-e_{0}
bueh,pueh,b-u-E?,p-u-eʔ,p-u_{0}-eʔ_{0}
buh,puh,b-u?,p-uʔ,p-uʔ_{0}
bui,pui,b-u-i,p-u-i,p-u_{0}-i_{0}
buih,puih,b-u-i?,p-u-iʔ,p-u_{0}-iʔ_{0}
buinn,puinn,b-u~-i~,p-u-ĩ,p-u_{0}-ĩ_{0}
bun,pun,b-un,p-un,p-un_{0}
but,put,b-ut,p-ut,p-ut_{0}
ca,tsha,ts-a,t͡sʰ-a,t͡sʰ-a_{0}
cah,tshah,ts-a?,t͡sʰ-aʔ,t͡sʰ-aʔ_{0}
cai,tshai,ts-ai,t͡sʰ-ai,t͡sʰ-ai_{0}
cainn,tshainn,ts-a~i~,t͡sʰ-ãi,t͡sʰ-ãi_{0}
cak,tshak,ts-ak,t͡sʰ-ak,t͡sʰ-ak_{0}
cam,tsham,ts-am,t͡sʰ-am,t͡sʰ-am_{0}
can,tshan,ts-an,t͡sʰ-an,t͡sʰ-an_{0}
cang,tshang,ts-aN,t͡sʰ-aŋ,t͡sʰ-aŋ_{0}
cann,tshann,ts-a~,t͡sʰ-ã,t͡sʰ-ã_{0}
cannh,tshannh,ts-a~?,t͡sʰ-ãʔ,t͡sʰ-ãʔ_{0}
cap,tshap,ts-ap,t͡sʰ-ap,t͡sʰ-ap_{0}
cat,tshat,ts-at,t͡sʰ-at,t͡sʰ-at_{0}
cau,tshau,ts-au,t͡sʰ-au,t͡sʰ-au_{0}
cauh,tshauh,ts-au?,t͡sʰ-auʔ,t͡sʰ-auʔ_{0}
ce,tshe,ts-E,t͡sʰ-e,t͡sʰ-e_{0}
ceh,tsheh,ts-E?,t͡sʰ-eʔ,t͡sʰ-eʔ_{0}
cen,tshian,ts-i-En,t͡sʰ-i-en,t͡sʰ-i_{0}-en_{0}
cenn,tshenn,ts-e~,t͡sʰ-ẽ,t͡sʰ-ẽ_{0}
cennh,tshennh,ts-e~?,t͡sʰ-ẽʔ,t͡sʰ-ẽʔ_{0}
cer,tsho,ts-@,t͡sʰ-ə,t͡sʰ-ə_{0}
cer,tsher,ts-@,t͡sʰ-ə,t͡sʰ-ə_{0}
cerh,tshoh,ts-@?,t͡sʰ-əʔ,t͡sʰ-əʔ_{0}
cet,tshiat,ts-i-Et,t͡sʰ-i-et,t͡sʰ-i_{0}-et_{0}
ci,tshi,ts-i,t͡sʰ-i,t͡sʰ-i_{0}
cia,tshia,ts-i-a,t͡sʰ-i-a,t͡sʰ-i_{0}-a_{0}
ciah,tshiah,ts-i-a?,t͡sʰ-i-aʔ,t͡sʰ-i_{0}-aʔ_{0}
ciak,tshiak,ts-i-ak,t͡sʰ-i-ak,t͡sʰ-i_{0}-ak_{0}
ciam,tshiam,ts-i-am,t͡sʰ-i-am,t͡sʰ-i_{0}-am_{0}
ciang,tshiang,ts-i-aN,t͡sʰ-i-aŋ,t͡sʰ-i_{0}-aŋ_{0}
ciann,tshiann,ts-i~-a~,t͡sʰ-i-ã,t͡sʰ-i_{0}-ã_{0}
ciap,tshiap,ts-i-ap,t͡sʰ-i-ap,t͡sʰ-i_{0}-ap_{0}
ciau,tshiau,ts-i-au,t͡sʰ-i-au,t͡sʰ-i_{0}-au_{0}
ciauh,tshiauh,ts-i-au?,t͡sʰ-i-auʔ,t͡sʰ-i_{0}-auʔ_{0}
cien,tshian,ts-i-En,t͡sʰ-i-en,t͡sʰ-i_{0}-en_{0}
cier,tshio,ts-i-@,t͡sʰ-i-ə,t͡sʰ-i_{0}-ə_{0}
cierh,tshioh,ts-i-@?,t͡sʰ-i-əʔ,t͡sʰ-i_{0}-əʔ_{0}
ciet,tshiat,ts-i-Et,t͡sʰ-i-et,t͡sʰ-i_{0}-et_{0}
cih,tshih,ts-i?,t͡sʰ-iʔ,t͡sʰ-iʔ_{0}
cii,tshir,ts-1,t͡sʰ-ɨ,t͡sʰ-ɨ_{0}
cik,tshik,ts-ik,t͡sʰ-ik,t͡sʰ-ik_{0}
cim,tshim,ts-im,t͡sʰ-im,t͡sʰ-im_{0}
cin,tshin,ts-in,t͡sʰ-in,t͡sʰ-in_{0}
cing,tshing,ts-iN,t͡sʰ-iŋ,t͡sʰ-iŋ_{0}
cinn,tshinn,ts-i~,t͡sʰ-ĩ,t͡sʰ-ĩ_{0}
cinnh,tshinnh,ts-i~?,t͡sʰ-ĩʔ,t͡sʰ-ĩʔ_{0}
ciok,tshiok,ts-i-Ok,t͡sʰ-i-ɔk,t͡sʰ-i_{0}-ɔk_{0}
ciong,tshiong,ts-i-ON,t͡sʰ-i-ɔŋ,t͡sʰ-i_{0}-ɔŋ_{0}
cionn,tshionn,ts-i~-o~,t͡sʰ-i-ɔ̃,t͡sʰ-i_{0}-ɔ̃_{0}
cip,tship,ts-ip,t͡sʰ-ip,t͡sʰ-ip_{0}
cit,tshit,ts-it,t͡sʰ-it,t͡sʰ-it_{0}
ciu,tshiu,ts-i-u,t͡sʰ-i-u,t͡sʰ-i_{0}-u_{0}
ciuh,tshiuh,ts-i-u?,t͡sʰ-i-uʔ,t͡sʰ-i_{0}-uʔ_{0}
ciunn,tshiunn,ts-i~-u~,t͡sʰ-i-ũ,t͡sʰ-i_{0}-ũ_{0}
cng,tshng,ts-@N,t͡sʰ-ŋ̩,t͡sʰ-ŋ̩_{0}
cngh,tshngh,ts-@N?,t͡sʰ-ŋ̩ʔ,t͡sʰ-ŋ̩ʔ_{0}
co,tshoo,ts-O,t͡sʰ-ɔ,t͡sʰ-ɔ_{0}
cok,tshok,ts-Ok,t͡sʰ-ɔk,t͡sʰ-ɔk_{0}
cong,tshong,ts-ON,t͡sʰ-ɔŋ,t͡sʰ-ɔŋ_{0}
cop,tshop,ts-Op,t͡sʰ-ɔp,t͡sʰ-ɔp_{0}
cu,tshu,ts-u,t͡sʰ-u,t͡sʰ-u_{0}
cua,tshua,ts-u-a,t͡sʰ-u-a,t͡sʰ-u_{0}-a_{0}
cuah,tshuah,ts-u-a?,t͡sʰ-u-aʔ,t͡sʰ-u_{0}-aʔ_{0}
cuai,tshuai,ts-u-ai,t͡sʰ-u-ai,t͡sʰ-u_{0}-ai_{0}
cuaih,tshuaih,ts-u-ai?,t͡sʰ-u-aiʔ,t͡sʰ-u_{0}-aiʔ_{0}
cuan,tshuan,ts-u-an,t͡sʰ-u-an,t͡sʰ-u_{0}-an_{0}
cuang,tshuang,ts-u-aN,t͡sʰ-u-aŋ,t͡sʰ-u_{0}-aŋ_{0}
cuann,tshuann,ts-u~-a~,t͡sʰ-u-ã,t͡sʰ-u_{0}-ã_{0}
cuat,tshuat,ts-u-at,t͡sʰ-u-at,t͡sʰ-u_{0}-at_{0}
cue,tshue,ts-u-E,t͡sʰ-u-e,t͡sʰ-u_{0}-e_{0}
cueh,tshueh,ts-u-E?,t͡sʰ-u-eʔ,t͡sʰ-u_{0}-eʔ_{0}
cuh,tshuh,ts-u?,t͡sʰ-uʔ,t͡sʰ-uʔ_{0}
cui,tshui,ts-u-i,t͡sʰ-u-i,t͡sʰ-u_{0}-i_{0}
cuinn,tshuinn,ts-u~-i~,t͡sʰ-u-ĩ,t͡sʰ-u_{0}-ĩ_{0}
cun,tshun,ts-un,t͡sʰ-un,t͡sʰ-un_{0}
cut,tshut,ts-ut,t͡sʰ-ut,t͡sʰ-ut_{0}
da,ta,d-a,t-a,t-a_{0}
dah,tah,d-a?,t-aʔ,t-aʔ_{0}
dai,tai,d-ai,t-ai,t-ai_{0}
daih,taih,d-ai?,t-aiʔ,t-aiʔ_{0}
dainn,tainn,d-a~i~,t-ãi,t-ãi_{0}
dainnh,tainnh,d-a~i~?,t-ãiʔ,t-ãiʔ_{0}
dak,tak,d-ak,t-ak,t-ak_{0}
dam,tam,d-am,t-am,t-am_{0}
dan,tan,d-an,t-an,t-an_{0}
dang,tang,d-aN,t-aŋ,t-aŋ_{0}
dann,tann,d-a~,t-ã,t-ã_{0}
dap,tap,d-ap,t-ap,t-ap_{0}
dat,tat,d-at,t-at,t-at_{0}
dau,tau,d-au,t-au,t-au_{0}
dauh,tauh,d-au?,t-auʔ,t-auʔ_{0}
daunnh,taunnh,d-a~u~?,t-ãuʔ,t-ãuʔ_{0}
de,te,d-E,t-e,t-e_{0}
deh,teh,d-E?,t-eʔ,t-eʔ_{0}
den,tian,d-i-En,t-i-en,t-i_{0}-en_{0}
denn,tenn,d-e~,t-ẽ,t-ẽ_{0}
der,to,d-@,t-ə,t-ə_{0}
der,ter,d-@,t-ə,t-ə_{0}
derh,toh,d-@?,t-əʔ,t-əʔ_{0}
derh,terh,d-@?,t-əʔ,t-əʔ_{0}
det,tiat,d-i-Et,t-i-et,t-i_{0}-et_{0}
di,ti,d-i,t-i,t-i_{0}
dia,tia,d-i-a,t-i-a,t-i_{0}-a_{0}
diah,tiah,d-i-a?,t-i-aʔ,t-i_{0}-aʔ_{0}
diak,tiak,d-i-ak,t-i-ak,t-i_{0}-ak_{0}
diam,tiam,d-i-am,t-i-am,t-i_{0}-am_{0}
diang,tiang,d-i-aN,t-i-aŋ,t-i_{0}-aŋ_{0}
diann,tiann,d-i~-a~,t-i-ã,t-i_{0}-ã_{0}
diap,tiap,d-i-ap,t-i-ap,t-i_{0}-ap_{0}
diau,tiau,d-i-au,t-i-au,t-i_{0}-au_{0}
diauh,tiauh,d-i-au?,t-i-auʔ,t-i_{0}-auʔ_{0}
dien,tian,d-i-En,t-i-en,t-i_{0}-en_{0}
dier,tio,d-i-@,t-i-ə,t-i_{0}-ə_{0}
dierh,tioh,d-i-@?,t-i-əʔ,t-i_{0}-əʔ_{0}
diet,tiat,d-i-Et,t-i-et,t-i_{0}-et_{0}
dih,tih,d-i?,t-iʔ,t-iʔ_{0}
dii,tir,d-1,t-ɨ,t-ɨ_{0}
dik,tik,d-ik,t-ik,t-ik_{0}
dim,tim,d-im,t-im,t-im_{0}
din,tin,d-in,t-in,t-in_{0}
ding,ting,d-iN,t-iŋ,t-iŋ_{0}
dinn,tinn,d-i~,t-ĩ,t-ĩ_{0}
dinnh,tinnh,d-i~?,t-ĩʔ,t-ĩʔ_{0}
dioh,tiooh,d-i-O?,t-i-ɔʔ,t-i_{0}-ɔʔ_{0}
diok,tiok,d-i-Ok,t-i-ɔk,t-i_{0}-ɔk_{0}
diong,tiong,d-i-ON,t-i-ɔŋ,t-i_{0}-ɔŋ_{0}
dionn,tionn,d-i~-o~,t-i-ɔ̃,t-i_{0}-ɔ̃_{0}
dip,tip,d-ip,t-ip,t-ip_{0}
dit,tit,d-it,t-it,t-it_{0}
diu,tiu,d-i-u,t-i-u,t-i_{0}-u_{0}
diuh,tiuh,d-i-u?,t-i-uʔ,t-i_{0}-uʔ_{0}
diunn,tiunn,d-i~-u~,t-i-ũ,t-i_{0}-ũ_{0}
dng,tng,d-@N,t-ŋ̩,t-ŋ̩_{0}
do,too,d-O,t-ɔ,t-ɔ_{0}
doh,tooh,d-O?,t-ɔʔ,t-ɔʔ_{0}
dok,tok,d-Ok,t-ɔk,t-ɔk_{0}
dom,tom,d-Om,t-ɔm,t-ɔm_{0}
dong,tong,d-ON,t-ɔŋ,t-ɔŋ_{0}
donn,tonn,d-o~,t-ɔ̃,t-ɔ̃_{0}
dop,top,d-Op,t-ɔp,t-ɔp_{0}
du,tu,d-u,t-u,t-u_{0}
dua,tua,d-u-a,t-u-a,t-u_{0}-a_{0}
duah,tuah,d-u-a?,t-u-aʔ,t-u_{0}-aʔ_{0}
duai,tuai,d-u-ai,t-u-ai,t-u_{0}-ai_{0}
duan,tuan,d-u-an,t-u-an,t-u_{0}-an_{0}
duann,tuann,d-u~-a~,t-u-ã,t-u_{0}-ã_{0}
duat,tuat,d-u-at,t-u-at,t-u_{0}-at_{0}
due,tue,d-u-E,t-u-e,t-u_{0}-e_{0}
dueh,tueh,d-u-E?,t-u-eʔ,t-u_{0}-eʔ_{0}
duh,tuh,d-u?,t-uʔ,t-uʔ_{0}
dui,tui,d-u-i,t-u-i,t-u_{0}-i_{0}
duinn,tuinn,d-u~-i~,t-u-ĩ,t-u_{0}-ĩ_{0}
dun,tun,d-un,t-un,t-un_{0}
dut,tut,d-ut,t-ut,t-ut_{0}
e,e,E,e,e_{0}
eh,eh,E?,eʔ,eʔ_{0}
en,ian,i-En,i-en,i_{0}-en_{0}
enn,enn,e~,ẽ,ẽ_{0}
ennh,ennh,e~?,ẽʔ,ẽʔ_{0}
er,o,@,ə,ə_{0}
er,er,@,ə,ə_{0}
erh,oh,@?,əʔ,əʔ_{0}
ernn,onn,o~,ɔ̃,ɔ̃_{0}
et,iat,i-Et,i-et,i_{0}-et_{0}
ga,ka,g-a,k-a,k-a_{0}
gah,kah,g-a?,k-aʔ,k-aʔ_{0}
gai,kai,g-ai,k-ai,k-ai_{0}
gainn,kainn,g-a~i~,k-ãi,k-ãi_{0}
gak,kak,g-ak,k-ak,k-ak_{0}
gam,kam,g-am,k-am,k-am_{0}
gan,kan,g-an,k-an,k-an_{0}
gang,kang,g-aN,k-aŋ,k-aŋ_{0}
gann,kann,g-a~,k-ã,k-ã_{0}
gap,kap,g-ap,k-ap,k-ap_{0}
gat,kat,g-at,k-at,k-at_{0}
gau,kau,g-au,k-au,k-au_{0}
gauh,kauh,g-au?,k-auʔ,k-auʔ_{0}
ge,ke,g-E,k-e,k-e_{0}
geh,keh,g-E?,k-eʔ,k-eʔ_{0}
gen,kian,g-i-En,k-i-en,k-i_{0}-en_{0}
genn,kenn,g-e~,k-ẽ,k-ẽ_{0}
gennh,kennh,g-e~?,k-ẽʔ,k-ẽʔ_{0}
ger,ko,g-@,k-ə,k-ə_{0}
ger,ker,g-@,k-ə,k-ə_{0}
gerh,koh,g-@?,k-əʔ,k-əʔ_{0}
get,kiat,g-i-Et,k-i-et,k-i_{0}-et_{0}
gha,ga,G-a,g-a,g-a_{0}
ghah,gah,G-a?,g-aʔ,g-aʔ_{0}
ghai,gai,G-ai,g-ai,g-ai_{0}
ghak,gak,G-ak,g-ak,g-ak_{0}
gham,gam,G-am,g-am,g-am_{0}
ghan,gan,G-an,g-an,g-an_{0}
ghang,gang,G-aN,g-aŋ,g-aŋ_{0}
ghap,gap,G-ap,g-ap,g-ap_{0}
ghat,gat,G-at,g-at,g-at_{0}
ghau,gau,G-au,g-au,g-au_{0}
ghauh,gauh,G-au?,g-auʔ,g-auʔ_{0}
ghe,ge,G-E,g-e,g-e_{0}
gheh,geh,G-E?,g-eʔ,g-eʔ_{0}
ghen,gian,G-i-En,g-i-en,g-i_{0}-en_{0}
gher,go,G-@,g-ə,g-ə_{0}
gher,ger,G-@,g-ə,g-ə_{0}
gherh,gerh,G-@?,g-əʔ,g-əʔ_{0}
ghet,giat,G-i-Et,g-i-et,g-i_{0}-et_{0}
ghi,gi,G-i,g-i,g-i_{0}
ghia,gia,G-i-a,g-i-a,g-i_{0}-a_{0}
ghiah,giah,G-i-a?,g-i-aʔ,g-i_{0}-aʔ_{0}
ghiak,giak,G-i-ak,g-i-ak,g-i_{0}-ak_{0}
ghiam,giam,G-i-am,g-i-am,g-i_{0}-am_{0}
ghiang,giang,G-i-aN,g-i-aŋ,g-i_{0}-aŋ_{0}
ghiap,giap,G-i-ap,g-i-ap,g-i_{0}-ap_{0}
ghiau,giau,G-i-au,g-i-au,g-i_{0}-au_{0}
ghiauh,giauh,G-i-au?,g-i-auʔ,g-i_{0}-auʔ_{0}
ghien,gian,G-i-En,g-i-en,g-i_{0}-en_{0}
ghier,gio,G-i-@,g-i-ə,g-i_{0}-ə_{0}
ghierh,gioh,G-i-@?,g-i-əʔ,g-i_{0}-əʔ_{0}
ghiet,giat,G-i-Et,g-i-et,g-i_{0}-et_{0}
ghih,gih,G-i?,g-iʔ,g-iʔ_{0}
ghii,gir,G-1,g-ɨ,g-ɨ_{0}
ghiin,girn,G-1n,g-ɨn,g-ɨn_{0}
ghiin,girn,G-1n,g-ɨn,g-ɨn_{0}
ghik,gik,G-ik,g-ik,g-ik_{0}
ghim,gim,G-im,g-im,g-im_{0}
ghin,gin,G-in,g-in,g-in_{0}
ghing,ging,G-iN,g-iŋ,g-iŋ_{0}
ghio,gioo,G-i-O,g-i-ɔ,g-i_{0}-ɔ_{0}
ghioh,giooh,G-i-O?,g-i-ɔʔ,g-i_{0}-ɔʔ_{0}
ghiok,giok,G-i-Ok,g-i-ɔk,g-i_{0}-ɔk_{0}
ghiong,giong,G-i-ON,g-i-ɔŋ,g-i_{0}-ɔŋ_{0}
ghip,gip,G-ip,g-ip,g-ip_{0}
ghit,git,G-it,g-it,g-it_{0}
ghiu,giu,G-i-u,g-i-u,g-i_{0}-u_{0}
ghiuh,giuh,G-i-u?,g-i-uʔ,g-i_{0}-uʔ_{0}
gho,goo,G-O,g-ɔ,g-ɔ_{0}
ghoh,gooh,G-O?,g-ɔʔ,g-ɔʔ_{0}
ghok,gok,G-Ok,g-ɔk,g-ɔk_{0}
ghong,gong,G-ON,g-ɔŋ,g-ɔŋ_{0}
ghu,gu,G-u,g-u,g-u_{0}
ghua,gua,G-u-a,g-u-a,g-u_{0}-a_{0}
ghuai,guai,G-u-ai,g-u-ai,g-u_{0}-ai_{0}
ghuan,guan,G-u-an,g-u-an,g-u_{0}-an_{0}
ghuat,guat,G-u-at,g-u-at,g-u_{0}-at_{0}
ghue,gue,G-u-E,g-u-e,g-u_{0}-e_{0}
ghueh,gueh,G-u-E?,g-u-eʔ,g-u_{0}-eʔ_{0}
ghuh,guh,G-u?,g-uʔ,g-uʔ_{0}
ghui,gui,G-u-i,g-u-i,g-u_{0}-i_{0}
ghun,gun,G-un,g-un,g-un_{0}
ghut,gut,G-ut,g-ut,g-ut_{0}
gi,ki,g-i,k-i,k-i_{0}
gia,kia,g-i-a,k-i-a,k-i_{0}-a_{0}
giah,kiah,g-i-a?,k-i-aʔ,k-i_{0}-aʔ_{0}
giak,kiak,g-i-ak,k-i-ak,k-i_{0}-ak_{0}
giam,kiam,g-i-am,k-i-am,k-i_{0}-am_{0}
giang,kiang,g-i-aN,k-i-aŋ,k-i_{0}-aŋ_{0}
giann,kiann,g-i~-a~,k-i-ã,k-i_{0}-ã_{0}
giap,kiap,g-i-ap,k-i-ap,k-i_{0}-ap_{0}
giau,kiau,g-i-au,k-i-au,k-i_{0}-au_{0}
giauh,kiauh,g-i-au?,k-i-auʔ,k-i_{0}-auʔ_{0}
gien,kian,g-i-En,k-i-en,k-i_{0}-en_{0}
gier,kio,g-i-@,k-i-ə,k-i_{0}-ə_{0}
gierh,kioh,g-i-@?,k-i-əʔ,k-i_{0}-əʔ_{0}
giet,kiat,g-i-Et,k-i-et,k-i_{0}-et_{0}
gih,kih,g-i?,k-iʔ,k-iʔ_{0}
gii,kir,g-1,k-ɨ,k-ɨ_{0}
giin,kirn,g-1n,k-ɨn,k-ɨn_{0}
gik,kik,g-ik,k-ik,k-ik_{0}
gim,kim,g-im,k-im,k-im_{0}
gin,kin,g-in,k-in,k-in_{0}
ging,king,g-iN,k-iŋ,k-iŋ_{0}
ginn,kinn,g-i~,k-ĩ,k-ĩ_{0}
ginnh,kinnh,g-i~?,k-ĩʔ,k-ĩʔ_{0}
giok,kiok,g-i-Ok,k-i-ɔk,k-i_{0}-ɔk_{0}
giong,kiong,g-i-ON,k-i-ɔŋ,k-i_{0}-ɔŋ_{0}
gionn,kionn,g-i~-o~,k-i-ɔ̃,k-i_{0}-ɔ̃_{0}
gip,kip,g-ip,k-ip,k-ip_{0}
git,kit,g-it,k-it,k-it_{0}
giu,kiu,g-i-u,k-i-u,k-i_{0}-u_{0}
giuh,kiuh,g-i-u?,k-i-uʔ,k-i_{0}-uʔ_{0}
giunn,kiunn,g-i~-u~,k-i-ũ,k-i_{0}-ũ_{0}
gng,kng,g-@N,k-ŋ̩,k-ŋ̩_{0}
gngh,kngh,g-@N?,k-ŋ̩ʔ,k-ŋ̩ʔ_{0}
go,koo,g-O,k-ɔ,k-ɔ_{0}
goh,kooh,g-O?,k-ɔʔ,k-ɔʔ_{0}
gok,kok,g-Ok,k-ɔk,k-ɔk_{0}
gong,kong,g-ON,k-ɔŋ,k-ɔŋ_{0}
gonn,konn,g-o~,k-ɔ̃,k-ɔ̃_{0}
gonnh,konnh,g-o~?,k-ɔ̃ʔ,k-ɔ̃ʔ_{0}
gop,kop,g-Op,k-ɔp,k-ɔp_{0}
gu,ku,g-u,k-u,k-u_{0}
gua,kua,g-u-a,k-u-a,k-u_{0}-a_{0}
guah,kuah,g-u-a?,k-u-aʔ,k-u_{0}-aʔ_{0}
guai,kuai,g-u-ai,k-u-ai,k-u_{0}-ai_{0}
guainn,kuainn,g-u~-a~i~,k-u-ãi,k-u_{0}-ãi_{0}
guainnh,kuainnh,g-u~-a~i~?,k-u-ãiʔ,k-u_{0}-ãiʔ_{0}
guak,kuak,g-u-ak,k-u-ak,k-u_{0}-ak_{0}
guan,kuan,g-u-an,k-u-an,k-u_{0}-an_{0}
guann,kuann,g-u~-a~,k-u-ã,k-u_{0}-ã_{0}
guat,kuat,g-u-at,k-u-at,k-u_{0}-at_{0}
gue,kue,g-u-E,k-u-e,k-u_{0}-e_{0}
gueh,kueh,g-u-E?,k-u-eʔ,k-u_{0}-eʔ_{0}
guh,kuh,g-u?,k-uʔ,k-uʔ_{0}
gui,kui,g-u-i,k-u-i,k-u_{0}-i_{0}
guih,kuih,g-u-i?,k-u-iʔ,k-u_{0}-iʔ_{0}
guinn,kuinn,g-u~-i~,k-u-ĩ,k-u_{0}-ĩ_{0}
gun,kun,g-un,k-un,k-un_{0}
gunnh,kunnh,g-u~?,k-ũʔ,k-ũʔ_{0}
gut,kut,g-ut,k-ut,k-ut_{0}
ha,ha,h-a,x-a,x-a_{0}
hah,hah,h-a?,x-aʔ,x-aʔ_{0}
hai,hai,h-ai,x-ai,x-ai_{0}
haih,haih,h-ai?,x-aiʔ,x-aiʔ_{0}
hainn,hainn,h-a~i~,x-ãi,x-ãi_{0}
hainnh,hainnh,h-a~i~?,x-ãiʔ,x-ãiʔ_{0}
hak,hak,h-ak,x-ak,x-ak_{0}
ham,ham,h-am,x-am,x-am_{0}
han,han,h-an,x-an,x-an_{0}
hang,hang,h-aN,x-aŋ,x-aŋ_{0}
hann,hann,h-a~,x-ã,x-ã_{0}
hannh,hannh,h-a~?,x-ãʔ,x-ãʔ_{0}
hap,hap,h-ap,x-ap,x-ap_{0}
hat,hat,h-at,x-at,x-at_{0}
hau,hau,h-au,x-au,x-au_{0}
hauh,hauh,h-au?,x-auʔ,x-auʔ_{0}
haunn,haunn,h-a~u~,x-ãu,x-ãu_{0}
haunnh,haunnh,h-a~u~?,x-ãuʔ,x-ãuʔ_{0}
he,he,h-E,x-e,x-e_{0}
hee,hee,h-,x-ε,x-ε_{0}
heh,heh,h-E?,x-eʔ,x-eʔ_{0}
hen,hian,h-i-En,x-i-en,x-i_{0}-en_{0}
henn,henn,h-e~,x-ẽ,x-ẽ_{0}
hennh,hennh,h-e~?,x-ẽʔ,x-ẽʔ_{0}
her,ho,h-@,x-ə,x-ə_{0}
her,her,h-@,x-ə,x-ə_{0}
herh,hoh,h-@?,x-əʔ,x-əʔ_{0}
het,hiat,h-i-Et,x-i-et,x-i_{0}-et_{0}
hi,hi,h-i,x-i,x-i_{0}
hia,hia,h-i-a,x-i-a,x-i_{0}-a_{0}
hiah,hiah,h-i-a?,x-i-aʔ,x-i_{0}-aʔ_{0}
hiam,hiam,h-i-am,x-i-am,x-i_{0}-am_{0}
hiang,hiang,h-i-aN,x-i-aŋ,x-i_{0}-aŋ_{0}
hiann,hiann,h-i~-a~,x-i-ã,x-i_{0}-ã_{0}
hiannh,hiannh,h-i~-a~?,x-i-ãʔ,x-i_{0}-ãʔ_{0}
hiap,hiap,h-i-ap,x-i-ap,x-i_{0}-ap_{0}
hiau,hiau,h-i-au,x-i-au,x-i_{0}-au_{0}
hiauh,hiauh,h-i-au?,x-i-auʔ,x-i_{0}-auʔ_{0}
hiaunnh,hiaunnh,h-i~-a~u~?,x-i-ãuʔ,x-i_{0}-ãuʔ_{0}
hien,hian,h-i-En,x-i-en,x-i_{0}-en_{0}
hier,hio,h-i-@,x-i-ə,x-i_{0}-ə_{0}
hierh,hioh,h-i-@?,x-i-əʔ,x-i_{0}-əʔ_{0}
hiet,hiat,h-i-Et,x-i-et,x-i_{0}-et_{0}
hih,hih,h-i?,x-iʔ,x-iʔ_{0}
hik,hik,h-ik,x-ik,x-ik_{0}
him,him,h-im,x-im,x-im_{0}
hin,hin,h-in,x-in,x-in_{0}
hing,hing,h-iN,x-iŋ,x-iŋ_{0}
hinn,hinn,h-i~,x-ĩ,x-ĩ_{0}
hinnh,hinnh,h-i~?,x-ĩʔ,x-ĩʔ_{0}
hioh,hiooh,h-i-O?,x-i-ɔʔ,x-i_{0}-ɔʔ_{0}
hiok,hiok,h-i-Ok,x-i-ɔk,x-i_{0}-ɔk_{0}
hiong,hiong,h-i-ON,x-i-ɔŋ,x-i_{0}-ɔŋ_{0}
hionn,hionn,h-i~-o~,x-i-ɔ̃,x-i_{0}-ɔ̃_{0}
hip,hip,h-ip,x-ip,x-ip_{0}
hit,hit,h-it,x-it,x-it_{0}
hiu,hiu,h-i-u,x-i-u,x-i_{0}-u_{0}
hiuh,hiuh,h-i-u?,x-i-uʔ,x-i_{0}-uʔ_{0}
hiunn,hiunn,h-i~-u~,x-i-ũ,x-i_{0}-ũ_{0}
hiunnh,hiunnh,h-i~-u~?,x-i-ũʔ,x-i_{0}-ũʔ_{0}
hm,hm,h-@m,x-m̩,x-m̩_{0}
hmh,hmh,h-@m?,x-m̩ʔ,x-m̩ʔ_{0}
hng,hng,h-@N,x-ŋ̩,x-ŋ̩_{0}
hngh,hngh,h-@N?,x-ŋ̩ʔ,x-ŋ̩ʔ_{0}
ho,hoo,h-O,x-ɔ,x-ɔ_{0}
hoh,hooh,h-O?,x-ɔʔ,x-ɔʔ_{0}
hok,hok,h-Ok,x-ɔk,x-ɔk_{0}
hom,hom,h-Om,x-ɔm,x-ɔm_{0}
hong,hong,h-ON,x-ɔŋ,x-ɔŋ_{0}
honn,honn,h-o~,x-ɔ̃,x-ɔ̃_{0}
honnh,honnh,h-o~?,x-ɔ̃ʔ,x-ɔ̃ʔ_{0}
hop,hop,h-Op,x-ɔp,x-ɔp_{0}
hu,hu,h-u,x-u,x-u_{0}
hua,hua,h-u-a,x-u-a,x-u_{0}-a_{0}
huah,huah,h-u-a?,x-u-aʔ,x-u_{0}-aʔ_{0}
huai,huai,h-u-ai,x-u-ai,x-u_{0}-ai_{0}
huainn,huainn,h-u~-a~i~,x-u-ãi,x-u_{0}-ãi_{0}
huainnh,huainnh,h-u~-a~i~?,x-u-ãiʔ,x-u_{0}-ãiʔ_{0}
huan,huan,h-u-an,x-u-an,x-u_{0}-an_{0}
huang,huang,h-u-aN,x-u-aŋ,x-u_{0}-aŋ_{0}
huann,huann,h-u~-a~,x-u-ã,x-u_{0}-ã_{0}
huannh,huannh,h-u~-a~?,x-u-ãʔ,x-u_{0}-ãʔ_{0}
huat,huat,h-u-at,x-u-at,x-u_{0}-at_{0}
hue,hue,h-u-E,x-u-e,x-u_{0}-e_{0}
hueh,hueh,h-u-E?,x-u-eʔ,x-u_{0}-eʔ_{0}
huenn,huenn,h-u~-e~,x-u-ẽ,x-u_{0}-ẽ_{0}
huh,huh,h-u?,x-uʔ,x-uʔ_{0}
hui,hui,h-u-i,x-u-i,x-u_{0}-i_{0}
huih,huih,h-u-i?,x-u-iʔ,x-u_{0}-iʔ_{0}
huinn,huinn,h-u~-i~,x-u-ĩ,x-u_{0}-ĩ_{0}
hun,hun,h-un,x-un,x-un_{0}
hut,hut,h-ut,x-ut,x-ut_{0}
i,i,i,i,i_{0}
ia,ia,i-a,i-a,i_{0}-a_{0}
iah,iah,i-a?,i-aʔ,i_{0}-aʔ_{0}
iak,iak,i-ak,i-ak,i_{0}-ak_{0}
iam,iam,i-am,i-am,i_{0}-am_{0}
iang,iang,i-aN,i-aŋ,i_{0}-aŋ_{0}
iann,iann,i~-a~,i-ã,i_{0}-ã_{0}
iannh,iannh,i~-a~?,i-ãʔ,i_{0}-ãʔ_{0}
iap,iap,i-ap,i-ap,i_{0}-ap_{0}
iau,iau,i-au,i-au,i_{0}-au_{0}
iaunn,iaunn,i~-a~u~,i-ãu,i_{0}-ãu_{0}
ien,ian,i-En,i-en,i_{0}-en_{0}
ier,io,i-@,i-ə,i_{0}-ə_{0}
ierh,ioh,i-@?,i-əʔ,i_{0}-əʔ_{0}
iet,iat,i-Et,i-et,i_{0}-et_{0}
ih,ih,i?,iʔ,iʔ_{0}
ik,ik,ik,ik,ik_{0}
im,im,im,im,im_{0}
in,in,in,in,in_{0}
ing,ing,iN,iŋ,iŋ_{0}
inn,inn,i~,ĩ,ĩ_{0}
innh,innh,i~?,ĩʔ,ĩʔ_{0}
io,ioo,i-O,i-ɔ,i_{0}-ɔ_{0}
ioh,iooh,i-O?,i-ɔʔ,i_{0}-ɔʔ_{0}
iok,iok,i-Ok,i-ɔk,i_{0}-ɔk_{0}
iong,iong,i-ON,i-ɔŋ,i_{0}-ɔŋ_{0}
ionn,ionn,i~-o~,i-ɔ̃,i_{0}-ɔ̃_{0}
ip,ip,ip,ip,ip_{0}
it,it,it,it,it_{0}
iu,iu,i-u,i-u,i_{0}-u_{0}
iunn,iunn,i~-u~,i-ũ,i_{0}-ũ_{0}
ka,kha,k-a,kʰ-a,kʰ-a_{0}
kah,khah,k-a?,kʰ-aʔ,kʰ-aʔ_{0}
kai,khai,k-ai,kʰ-ai,kʰ-ai_{0}
kaih,khaih,k-ai?,kʰ-aiʔ,kʰ-aiʔ_{0}
kainn,khainn,k-a~i~,kʰ-ãi,kʰ-ãi_{0}
kak,khak,k-ak,kʰ-ak,kʰ-ak_{0}
kam,kham,k-am,kʰ-am,kʰ-am_{0}
kan,khan,k-an,kʰ-an,kʰ-an_{0}
kang,khang,k-aN,kʰ-aŋ,kʰ-aŋ_{0}
kann,khann,k-a~,kʰ-ã,kʰ-ã_{0}
kap,khap,k-ap,kʰ-ap,kʰ-ap_{0}
kat,khat,k-at,kʰ-at,kʰ-at_{0}
kau,khau,k-au,kʰ-au,kʰ-au_{0}
kauh,khauh,k-au?,kʰ-auʔ,kʰ-auʔ_{0}
kaunn,khaunn,k-a~u~,kʰ-ãu,kʰ-ãu_{0}
kaunnh,khaunnh,k-a~u~?,kʰ-ãuʔ,kʰ-ãuʔ_{0}
ke,khe,k-E,kʰ-e,kʰ-e_{0}
keh,kheh,k-E?,kʰ-eʔ,kʰ-eʔ_{0}
ken,khian,k-i-En,kʰ-i-en,kʰ-i_{0}-en_{0}
kenn,khenn,k-e~,kʰ-ẽ,kʰ-ẽ_{0}
kennh,khennh,k-e~?,kʰ-ẽʔ,kʰ-ẽʔ_{0}
ker,kho,k-@,kʰ-ə,kʰ-ə_{0}
ker,kher,k-@,kʰ-ə,kʰ-ə_{0}
kerh,khoh,k-@?,kʰ-əʔ,kʰ-əʔ_{0}
ket,khiat,k-i-Et,kʰ-i-et,kʰ-i_{0}-et_{0}
ki,khi,k-i,kʰ-i,kʰ-i_{0}
kia,khia,k-i-a,kʰ-i-a,kʰ-i_{0}-a_{0}
kiah,khiah,k-i-a?,kʰ-i-aʔ,kʰ-i_{0}-aʔ_{0}
kiai,khiai,k-i-ai,kʰ-i-ai,kʰ-i_{0}-ai_{0}
kiaih,khiaih,k-i-ai?,kʰ-i-aiʔ,kʰ-i_{0}-aiʔ_{0}
kiak,khiak,k-i-ak,kʰ-i-ak,kʰ-i_{0}-ak_{0}
kiam,khiam,k-i-am,kʰ-i-am,kʰ-i_{0}-am_{0}
kiang,khiang,k-i-aN,kʰ-i-aŋ,kʰ-i_{0}-aŋ_{0}
kiann,khiann,k-i~-a~,kʰ-i-ã,kʰ-i_{0}-ã_{0}
kiap,khiap,k-i-ap,kʰ-i-ap,kʰ-i_{0}-ap_{0}
kiau,khiau,k-i-au,kʰ-i-au,kʰ-i_{0}-au_{0}
kiauh,khiauh,k-i-au?,kʰ-i-auʔ,kʰ-i_{0}-auʔ_{0}
kiaunnh,khiaunnh,k-i~-a~u~?,kʰ-i-ãuʔ,kʰ-i_{0}-ãuʔ_{0}
kien,khian,k-i-En,kʰ-i-en,kʰ-i_{0}-en_{0}
kier,khio,k-i-@,kʰ-i-ə,kʰ-i_{0}-ə_{0}
kierh,khioh,k-i-@?,kʰ-i-əʔ,kʰ-i_{0}-əʔ_{0}
kiet,khiat,k-i-Et,kʰ-i-et,kʰ-i_{0}-et_{0}
kih,khih,k-i?,kʰ-iʔ,kʰ-iʔ_{0}
kii,khir,k-1,kʰ-ɨ,kʰ-ɨ_{0}
kik,khik,k-ik,kʰ-ik,kʰ-ik_{0}
kim,khim,k-im,kʰ-im,kʰ-im_{0}
kin,khin,k-in,kʰ-in,kʰ-in_{0}
king,khing,k-iN,kʰ-iŋ,kʰ-iŋ_{0}
kinn,khinn,k-i~,kʰ-ĩ,kʰ-ĩ_{0}
kinnh,khinnh,k-i~?,kʰ-ĩʔ,kʰ-ĩʔ_{0}
kioh,khiooh,k-i-O?,kʰ-i-ɔʔ,kʰ-i_{0}-ɔʔ_{0}
kiok,khiok,k-i-Ok,kʰ-i-ɔk,kʰ-i_{0}-ɔk_{0}
kiong,khiong,k-i-ON,kʰ-i-ɔŋ,kʰ-i_{0}-ɔŋ_{0}
kionn,khionn,k-i~-o~,kʰ-i-ɔ̃,kʰ-i_{0}-ɔ̃_{0}
kip,khip,k-ip,kʰ-ip,kʰ-ip_{0}
kit,khit,k-it,kʰ-it,kʰ-it_{0}
kiu,khiu,k-i-u,kʰ-i-u,kʰ-i_{0}-u_{0}
kiuh,khiuh,k-i-u?,kʰ-i-uʔ,kʰ-i_{0}-uʔ_{0}
kiunn,khiunn,k-i~-u~,kʰ-i-ũ,kʰ-i_{0}-ũ_{0}
kng,khng,k-@N,kʰ-ŋ̩,kʰ-ŋ̩_{0}
kngh,khngh,k-@N?,kʰ-ŋ̩ʔ,kʰ-ŋ̩ʔ_{0}
ko,khoo,k-O,kʰ-ɔ,kʰ-ɔ_{0}
koh,khooh,k-O?,kʰ-ɔʔ,kʰ-ɔʔ_{0}
kok,khok,k-Ok,kʰ-ɔk,kʰ-ɔk_{0}
kong,khong,k-ON,kʰ-ɔŋ,kʰ-ɔŋ_{0}
konn,khonn,k-o~,kʰ-ɔ̃,kʰ-ɔ̃_{0}
ku,khu,k-u,kʰ-u,kʰ-u_{0}
kua,khua,k-u-a,kʰ-u-a,kʰ-u_{0}-a_{0}
kuah,khuah,k-u-a?,kʰ-u-aʔ,kʰ-u_{0}-aʔ_{0}
kuai,khuai,k-u-ai,kʰ-u-ai,kʰ-u_{0}-ai_{0}
kuainn,khuainn,k-u~-a~i~,kʰ-u-ãi,kʰ-u_{0}-ãi_{0}
kuainnh,khuainnh,k-u~-a~i~?,kʰ-u-ãiʔ,kʰ-u_{0}-ãiʔ_{0}
kuan,khuan,k-u-an,kʰ-u-an,kʰ-u_{0}-an_{0}
kuann,khuann,k-u~-a~,kʰ-u-ã,kʰ-u_{0}-ã_{0}
kuat,khuat,k-u-at,kʰ-u-at,kʰ-u_{0}-at_{0}
kue,khue,k-u-E,kʰ-u-e,kʰ-u_{0}-e_{0}
kueh,khueh,k-u-E?,kʰ-u-eʔ,kʰ-u_{0}-eʔ_{0}
kuh,khuh,k-u?,kʰ-uʔ,kʰ-uʔ_{0}
kui,khui,k-u-i,kʰ-u-i,kʰ-u_{0}-i_{0}
kuinn,khuinn,k-u~-i~,kʰ-u-ĩ,kʰ-u_{0}-ĩ_{0}
kun,khun,k-un,kʰ-un,kʰ-un_{0}
kunnh,khunnh,k-u~?,kʰ-ũʔ,kʰ-ũʔ_{0}
kut,khut,k-ut,kʰ-ut,kʰ-ut_{0}
la,la,l-a,l-a,l-a_{0}
lah,lah,l-a?,l-aʔ,l-aʔ_{0}
lai,lai,l-ai,l-ai,l-ai_{0}
laih,laih,l-ai?,l-aiʔ,l-aiʔ_{0}
lak,lak,l-ak,l-ak,l-ak_{0}
lam,lam,l-am,l-am,l-am_{0}
lan,lan,l-an,l-an,l-an_{0}
lang,lang,l-aN,l-aŋ,l-aŋ_{0}
lap,lap,l-ap,l-ap,l-ap_{0}
lat,lat,l-at,l-at,l-at_{0}
lau,lau,l-au,l-au,l-au_{0}
lauh,lauh,l-au?,l-auʔ,l-auʔ_{0}
le,le,l-E,l-e,l-e_{0}
leh,leh,l-E?,l-eʔ,l-eʔ_{0}
len,lian,l-i-En,l-i-en,l-i_{0}-en_{0}
ler,ler,l-@,l-ə,l-ə_{0}
ler,lo,l-@,l-ə,l-ə_{0}
lerh,loh,l-@?,l-əʔ,l-əʔ_{0}
let,liat,l-i-Et,l-i-et,l-i_{0}-et_{0}
li,li,l-i,l-i,l-i_{0}
lia,lia,l-i-a,l-i-a,l-i_{0}-a_{0}
liah,liah,l-i-a?,l-i-aʔ,l-i_{0}-aʔ_{0}
liak,liak,l-i-ak,l-i-ak,l-i_{0}-ak_{0}
liam,liam,l-i-am,l-i-am,l-i_{0}-am_{0}
liang,liang,l-i-aN,l-i-aŋ,l-i_{0}-aŋ_{0}
liap,liap,l-i-ap,l-i-ap,l-i_{0}-ap_{0}
liau,liau,l-i-au,l-i-au,l-i_{0}-au_{0}
liauh,liauh,l-i-au?,l-i-auʔ,l-i_{0}-auʔ_{0}
lien,lian,l-i-En,l-i-en,l-i_{0}-en_{0}
lier,lio,l-i-@,l-i-ə,l-i_{0}-ə_{0}
lierh,lioh,l-i-@?,l-i-əʔ,l-i_{0}-əʔ_{0}
liet,liat,l-i-Et,l-i-et,l-i_{0}-et_{0}
lih,lih,l-i?,l-iʔ,l-iʔ_{0}
lii,lir,l-1,l-ɨ,l-ɨ_{0}
lik,lik,l-ik,l-ik,l-ik_{0}
lim,lim,l-im,l-im,l-im_{0}
lin,lin,l-in,l-in,l-in_{0}
ling,ling,l-iN,l-iŋ,l-iŋ_{0}
lio,lioo,l-i-O,l-i-ɔ,l-i_{0}-ɔ_{0}
lioh,liooh,l-i-O?,l-i-ɔʔ,l-i_{0}-ɔʔ_{0}
liok,liok,l-i-Ok,l-i-ɔk,l-i_{0}-ɔk_{0}
liong,liong,l-i-ON,l-i-ɔŋ,l-i_{0}-ɔŋ_{0}
lionn,lionn,l-i~-o~,l-i-ɔ̃,l-i_{0}-ɔ̃_{0}
lip,lip,l-ip,l-ip,l-ip_{0}
lit,lit,l-it,l-it,l-it_{0}
liu,liu,l-i-u,l-i-u,l-i_{0}-u_{0}
liuh,liuh,l-i-u?,l-i-uʔ,l-i_{0}-uʔ_{0}
lng,lng,l-@N,l-ŋ̩,l-ŋ̩_{0}
lo,loo,l-O,l-ɔ,l-ɔ_{0}
loh,looh,l-O?,l-ɔʔ,l-ɔʔ_{0}
lok,lok,l-Ok,l-ɔk,l-ɔk_{0}
lom,lom,l-Om,l-ɔm,l-ɔm_{0}
long,long,l-ON,l-ɔŋ,l-ɔŋ_{0}
lop,lop,l-Op,l-ɔp,l-ɔp_{0}
lu,lu,l-u,l-u,l-u_{0}
lua,lua,l-u-a,l-u-a,l-u_{0}-a_{0}
luah,luah,l-u-a?,l-u-aʔ,l-u_{0}-aʔ_{0}
luai,luai,l-u-ai,l-u-ai,l-u_{0}-ai_{0}
luaih,luaih,l-u-ai?,l-u-aiʔ,l-u_{0}-aiʔ_{0}
luan,luan,l-u-an,l-u-an,l-u_{0}-an_{0}
luat,luat,l-u-at,l-u-at,l-u_{0}-at_{0}
lue,lue,l-u-E,l-u-e,l-u_{0}-e_{0}
lueh,lueh,l-u-E?,l-u-eʔ,l-u_{0}-eʔ_{0}
luh,luh,l-u?,l-uʔ,l-uʔ_{0}
lui,lui,l-u-i,l-u-i,l-u_{0}-i_{0}
lun,lun,l-un,l-un,l-un_{0}
lut,lut,l-ut,l-ut,l-ut_{0}
m,m,@,m,m_{0}
ma,ma,m-a,m-a,m-a_{0}
mah,mah,m-a?,m-aʔ,m-aʔ_{0}
mai,mai,m-ai,m-ai,m-ai_{0}
mau,mau,m-au,m-au,m-au_{0}
mauh,mauh,m-au?,m-auʔ,m-auʔ_{0}
me,me,m-E,m-e,m-e_{0}
meh,meh,m-E?,m-eʔ,m-eʔ_{0}
mer,mo,m-@,m-ə,m-ə_{0}
merh,moh,m-@?,m-əʔ,m-əʔ_{0}
mh,mh,m-?,m-ʔ,m-ʔ_{0}
mi,mi,m-i,m-i,m-i_{0}
mia,mia,m-i-a,m-i-a,m-i_{0}-a_{0}
miau,miau,m-i-au,m-i-au,m-i_{0}-au_{0}
mih,mih,m-i?,m-iʔ,m-iʔ_{0}
mio,mioo,m-i-O,m-i-ɔ,m-i_{0}-ɔ_{0}
mng,mng,m-@N,m-ŋ̩,m-ŋ̩_{0}
mngh,mngh,m-@N?,m-ŋ̩ʔ,m-ŋ̩ʔ_{0}
mo,moo,m-O,m-ɔ,m-ɔ_{0}
moh,mooh,m-O?,m-ɔʔ,m-ɔʔ_{0}
mong,mong,m-ON,m-ɔŋ,m-ɔŋ_{0}
mu,mu,m-u,m-u,m-u_{0}
mua,mua,m-u-a,m-u-a,m-u_{0}-a_{0}
muah,muah,m-u-a?,m-u-aʔ,m-u_{0}-aʔ_{0}
muai,muai,m-u-ai,m-u-ai,m-u_{0}-ai_{0}
muan,muan,m-u-an,m-u-an,m-u_{0}-an_{0}
mue,mue,m-u-E,m-u-e,m-u_{0}-e_{0}
muh,muh,m-u?,m-uʔ,m-uʔ_{0}
mui,mui,m-u-i,m-u-i,m-u_{0}-i_{0}
na,na,n-a,n-a,n-a_{0}
nah,nah,n-a?,n-aʔ,n-aʔ_{0}
nai,nai,n-ai,n-ai,n-ai_{0}
naih,naih,n-ai?,n-aiʔ,n-aiʔ_{0}
nap,nap,n-ap,n-ap,n-ap_{0}
nau,nau,n-au,n-au,n-au_{0}
nauh,nauh,n-au?,n-auʔ,n-auʔ_{0}
ne,ne,n-E,n-e,n-e_{0}
neh,neh,n-E?,n-eʔ,n-eʔ_{0}
ner,no,n-@,n-ə,n-ə_{0}
ng,ng,@,ŋ,ŋ_{0}
nga,nga,N-a,ŋ-a,ŋ-a_{0}
ngah,ngah,N-a?,ŋ-aʔ,ŋ-aʔ_{0}
ngai,ngai,N-ai,ŋ-ai,ŋ-ai_{0}
ngau,ngau,N-au,ŋ-au,ŋ-au_{0}
ngauh,ngauh,N-au?,ŋ-auʔ,ŋ-auʔ_{0}
nge,nge,N-E,ŋ-e,ŋ-e_{0}
ngeh,ngeh,N-E?,ŋ-eʔ,ŋ-eʔ_{0}
nger,ngo,N-@,ŋ-ə,ŋ-ə_{0}
ngh,ngh,N-?,ŋ-ʔ,ŋ-ʔ_{0}
ngi,ngi,N-i,ŋ-i,ŋ-i_{0}
ngia,ngia,N-i-a,ŋ-i-a,ŋ-i_{0}-a_{0}
ngiah,ngiah,N-i-a?,ŋ-i-aʔ,ŋ-i_{0}-aʔ_{0}
ngiau,ngiau,N-i-au,ŋ-i-au,ŋ-i_{0}-au_{0}
ngiauh,ngiauh,N-i-au?,ŋ-i-auʔ,ŋ-i_{0}-auʔ_{0}
ngih,ngih,N-i?,ŋ-iʔ,ŋ-iʔ_{0}
ngiu,ngiu,N-i-u,ŋ-i-u,ŋ-i_{0}-u_{0}
ngiuh,ngiuh,N-i-u?,ŋ-i-uʔ,ŋ-i_{0}-uʔ_{0}
ngo,ngoo,N-O,ŋ-ɔ,ŋ-ɔ_{0}
ngua,ngua,N-u-a,ŋ-u-a,ŋ-u_{0}-a_{0}
ngue,ngue,N-u-E,ŋ-u-e,ŋ-u_{0}-e_{0}
ngueh,ngueh,N-u-E?,ŋ-u-eʔ,ŋ-u_{0}-eʔ_{0}
ni,ni,n-i,n-i,n-i_{0}
nia,nia,n-i-a,n-i-a,n-i_{0}-a_{0}
niau,niau,n-i-au,n-i-au,n-i_{0}-au_{0}
niauh,niauh,n-i-au?,n-i-auʔ,n-i_{0}-auʔ_{0}
nih,nih,n-i?,n-iʔ,n-iʔ_{0}
nio,nioo,n-i-O,n-i-ɔ,n-i_{0}-ɔ_{0}
niu,niu,n-i-u,n-i-u,n-i_{0}-u_{0}
nng,nng,n-@N,n-ŋ̩,n-ŋ̩_{0}
nngh,nngh,n-@N?,n-ŋ̩ʔ,n-ŋ̩ʔ_{0}
no,noo,n-O,n-ɔ,n-ɔ_{0}
noh,nooh,n-O?,n-ɔʔ,n-ɔʔ_{0}
nu,nu,n-u,n-u,n-u_{0}
nua,nua,n-u-a,n-u-a,n-u_{0}-a_{0}
nuaih,nuaih,n-u-ai?,n-u-aiʔ,n-u_{0}-aiʔ_{0}
nui,nui,n-u-i,n-u-i,n-u_{0}-i_{0}
o,oo,O,ɔ,ɔ_{0}
oh,ooh,O?,ɔʔ,ɔʔ_{0}
ok,ok,Ok,ɔk,ɔk_{0}
om,om,Om,ɔm,ɔm_{0}
ong,ong,ON,ɔŋ,ɔŋ_{0}
onn,onn,o~,ɔ̃,ɔ̃_{0}
onnh,onnh,o~?,ɔ̃ʔ,ɔ̃ʔ_{0}
op,op,Op,ɔp,ɔp_{0}
pa,pha,p-a,pʰ-a,pʰ-a_{0}
pah,phah,p-a?,pʰ-aʔ,pʰ-aʔ_{0}
pai,phai,p-ai,pʰ-ai,pʰ-ai_{0}
painn,phainn,p-a~i~,pʰ-ãi,pʰ-ãi_{0}
pak,phak,p-ak,pʰ-ak,pʰ-ak_{0}
pan,phan,p-an,pʰ-an,pʰ-an_{0}
pang,phang,p-aN,pʰ-aŋ,pʰ-aŋ_{0}
pann,phann,p-a~,pʰ-ã,pʰ-ã_{0}
pat,phat,p-at,pʰ-at,pʰ-at_{0}
pau,phau,p-au,pʰ-au,pʰ-au_{0}
pauh,phauh,p-au?,pʰ-auʔ,pʰ-auʔ_{0}
pe,phe,p-E,pʰ-e,pʰ-e_{0}
peh,pheh,p-E?,pʰ-eʔ,pʰ-eʔ_{0}
pen,phian,p-i-En,pʰ-i-en,pʰ-i_{0}-en_{0}
penn,phenn,p-e~,pʰ-ẽ,pʰ-ẽ_{0}
pennh,phennh,p-e~?,pʰ-ẽʔ,pʰ-ẽʔ_{0}
per,pho,p-@,pʰ-ə,pʰ-ə_{0}
per,pher,p-@,pʰ-ə,pʰ-ə_{0}
perh,pherh,p-@?,pʰ-əʔ,pʰ-əʔ_{0}
perh,phoh,p-@?,pʰ-əʔ,pʰ-əʔ_{0}
pet,phiat,p-i-Et,pʰ-i-et,pʰ-i_{0}-et_{0}
pi,phi,p-i,pʰ-i,pʰ-i_{0}
pia,phia,p-i-a,pʰ-i-a,pʰ-i_{0}-a_{0}
piah,phiah,p-i-a?,pʰ-i-aʔ,pʰ-i_{0}-aʔ_{0}
piak,phiak,p-i-ak,pʰ-i-ak,pʰ-i_{0}-ak_{0}
piang,phiang,p-i-aN,pʰ-i-aŋ,pʰ-i_{0}-aŋ_{0}
piann,phiann,p-i~-a~,pʰ-i-ã,pʰ-i_{0}-ã_{0}
piau,phiau,p-i-au,pʰ-i-au,pʰ-i_{0}-au_{0}
pien,phian,p-i-En,pʰ-i-en,pʰ-i_{0}-en_{0}
pier,phio,p-i-@,pʰ-i-ə,pʰ-i_{0}-ə_{0}
piet,phiat,p-i-Et,pʰ-i-et,pʰ-i_{0}-et_{0}
pih,phih,p-i?,pʰ-iʔ,pʰ-iʔ_{0}
pik,phik,p-ik,pʰ-ik,pʰ-ik_{0}
pin,phin,p-in,pʰ-in,pʰ-in_{0}
ping,phing,p-iN,pʰ-iŋ,pʰ-iŋ_{0}
pinn,phinn,p-i~,pʰ-ĩ,pʰ-ĩ_{0}
pinnh,phinnh,p-i~?,pʰ-ĩʔ,pʰ-ĩʔ_{0}
pit,phit,p-it,pʰ-it,pʰ-it_{0}
piu,phiu,p-i-u,pʰ-i-u,pʰ-i_{0}-u_{0}
png,phng,p-@N,pʰ-ŋ̩,pʰ-ŋ̩_{0}
pngh,phngh,p-@N?,pʰ-ŋ̩ʔ,pʰ-ŋ̩ʔ_{0}
po,phoo,p-O,pʰ-ɔ,pʰ-ɔ_{0}
pok,phok,p-Ok,pʰ-ɔk,pʰ-ɔk_{0}
pong,phong,p-ON,pʰ-ɔŋ,pʰ-ɔŋ_{0}
pu,phu,p-u,pʰ-u,pʰ-u_{0}
pua,phua,p-u-a,pʰ-u-a,pʰ-u_{0}-a_{0}
puah,phuah,p-u-a?,pʰ-u-aʔ,pʰ-u_{0}-aʔ_{0}
puan,phuan,p-u-an,pʰ-u-an,pʰ-u_{0}-an_{0}
puann,phuann,p-u~-a~,pʰ-u-ã,pʰ-u_{0}-ã_{0}
puat,phuat,p-u-at,pʰ-u-at,pʰ-u_{0}-at_{0}
pue,phue,p-u-E,pʰ-u-e,pʰ-u_{0}-e_{0}
pueh,phueh,p-u-E?,pʰ-u-eʔ,pʰ-u_{0}-eʔ_{0}
puh,phuh,p-u?,pʰ-uʔ,pʰ-uʔ_{0}
pui,phui,p-u-i,pʰ-u-i,pʰ-u_{0}-i_{0}
puinnh,phuinnh,p-u~-i~?,pʰ-u-ĩʔ,pʰ-u_{0}-ĩʔ_{0}
pun,phun,p-un,pʰ-un,pʰ-un_{0}
put,phut,p-ut,pʰ-ut,pʰ-ut_{0}
ra,ja,z-a,dz-a,dz-a_{0}
rah,jah,z-a?,dz-aʔ,dz-aʔ_{0}
rang,jang,z-aN,dz-aŋ,dz-aŋ_{0}
re,je,z-E,dz-e,dz-e_{0}
ren,jian,z-i-En,dz-i-en,dz-i_{0}-en_{0}
ret,jiat,z-i-Et,dz-i-et,dz-i_{0}-et_{0}
ri,ji,z-i,dz-i,dz-i_{0}
ria,jia,z-i-a,dz-i-a,dz-i_{0}-a_{0}
riah,jiah,z-i-a?,dz-i-aʔ,dz-i_{0}-aʔ_{0}
riak,jiak,z-i-ak,dz-i-ak,dz-i_{0}-ak_{0}
riam,jiam,z-i-am,dz-i-am,dz-i_{0}-am_{0}
riang,jiang,z-i-aN,dz-i-aŋ,dz-i_{0}-aŋ_{0}
riap,jiap,z-i-ap,dz-i-ap,dz-i_{0}-ap_{0}
riau,jiau,z-i-au,dz-i-au,dz-i_{0}-au_{0}
riaunn,jiaunn,z-i~-a~u~,dz-i-ãu,dz-i_{0}-ãu_{0}
rien,jian,z-i-En,dz-i-en,dz-i_{0}-en_{0}
rier,jio,z-i-@,dz-i-ə,dz-i_{0}-ə_{0}
rierh,jioh,z-i-@?,dz-i-əʔ,dz-i_{0}-əʔ_{0}
riet,jiat,z-i-Et,dz-i-et,dz-i_{0}-et_{0}
rih,jih,z-i?,dz-iʔ,dz-iʔ_{0}
rik,jik,z-ik,dz-ik,dz-ik_{0}
rim,jim,z-im,dz-im,dz-im_{0}
rin,jin,z-in,dz-in,dz-in_{0}
ring,jing,z-iN,dz-iŋ,dz-iŋ_{0}
rinn,jinn,z-i~,dz-ĩ,dz-ĩ_{0}
rio,jioo,z-i-O,dz-i-ɔ,dz-i_{0}-ɔ_{0}
riok,jiok,z-i-Ok,dz-i-ɔk,dz-i_{0}-ɔk_{0}
riong,jiong,z-i-ON,dz-i-ɔŋ,dz-i_{0}-ɔŋ_{0}
rionn,jionn,z-i~-o~,dz-i-ɔ̃,dz-i_{0}-ɔ̃_{0}
rip,jip,z-ip,dz-ip,dz-ip_{0}
rit,jit,z-it,dz-it,dz-it_{0}
riu,jiu,z-i-u,dz-i-u,dz-i_{0}-u_{0}
rok,jok,z-Ok,dz-ɔk,dz-ɔk_{0}
ru,ju,z-u,dz-u,dz-u_{0}
rua,jua,z-u-a,dz-u-a,dz-u_{0}-a_{0}
ruah,juah,z-u-a?,dz-u-aʔ,dz-u_{0}-aʔ_{0}
ruan,juan,z-u-an,dz-u-an,dz-u_{0}-an_{0}
rue,jue,z-u-E,dz-u-e,dz-u_{0}-e_{0}
ruh,juh,z-u?,dz-uʔ,dz-uʔ_{0}
ruh,juh,z-u?,dz-uʔ,dz-uʔ_{0}
rui,jui,z-u-i,dz-u-i,dz-u_{0}-i_{0}
run,jun,z-un,dz-un,dz-un_{0}
sa,sa,s-a,s-a,s-a_{0}
sah,sah,s-a?,s-aʔ,s-aʔ_{0}
sai,sai,s-ai,s-ai,s-ai_{0}
saih,saih,s-ai?,s-aiʔ,s-aiʔ_{0}
sainn,sainn,s-a~i~,s-ãi,s-ãi_{0}
sainnh,sainnh,s-a~i~?,s-ãiʔ,s-ãiʔ_{0}
sak,sak,s-ak,s-ak,s-ak_{0}
sam,sam,s-am,s-am,s-am_{0}
san,san,s-an,s-an,s-an_{0}
sang,sang,s-aN,s-aŋ,s-aŋ_{0}
sann,sann,s-a~,s-ã,s-ã_{0}
sannh,sannh,s-a~?,s-ãʔ,s-ãʔ_{0}
sap,sap,s-ap,s-ap,s-ap_{0}
sat,sat,s-at,s-at,s-at_{0}
sau,sau,s-au,s-au,s-au_{0}
sauh,sauh,s-au?,s-auʔ,s-auʔ_{0}
saunn,saunn,s-a~u~,s-ãu,s-ãu_{0}
saunnh,saunnh,s-a~u~?,s-ãuʔ,s-ãuʔ_{0}
se,se,s-E,s-e,s-e_{0}
seh,seh,s-E?,s-eʔ,s-eʔ_{0}
sen,sian,s-i-En,s-i-en,s-i_{0}-en_{0}
senn,senn,s-e~,s-ẽ,s-ẽ_{0}
sennh,sennh,s-e~?,s-ẽʔ,s-ẽʔ_{0}
ser,so,s-@,s-ə,s-ə_{0}
serh,soh,s-@?,s-əʔ,s-əʔ_{0}
serh,serh,s-@?,s-əʔ,s-əʔ_{0}
set,siat,s-i-Et,s-i-et,s-i_{0}-et_{0}
si,si,s-i,s-i,s-i_{0}
sia,sia,s-i-a,s-i-a,s-i_{0}-a_{0}
siah,siah,s-i-a?,s-i-aʔ,s-i_{0}-aʔ_{0}
siak,siak,s-i-ak,s-i-ak,s-i_{0}-ak_{0}
siam,siam,s-i-am,s-i-am,s-i_{0}-am_{0}
siang,siang,s-i-aN,s-i-aŋ,s-i_{0}-aŋ_{0}
siann,siann,s-i~-a~,s-i-ã,s-i_{0}-ã_{0}
siannh,siannh,s-i~-a~?,s-i-ãʔ,s-i_{0}-ãʔ_{0}
siap,siap,s-i-ap,s-i-ap,s-i_{0}-ap_{0}
siau,siau,s-i-au,s-i-au,s-i_{0}-au_{0}
sien,sian,s-i-En,s-i-en,s-i_{0}-en_{0}
sier,sio,s-i-@,s-i-ə,s-i_{0}-ə_{0}
sierh,sioh,s-i-@?,s-i-əʔ,s-i_{0}-əʔ_{0}
siet,siat,s-i-Et,s-i-et,s-i_{0}-et_{0}
sih,sih,s-i?,s-iʔ,s-iʔ_{0}
sii,sir,s-1,s-ɨ,s-ɨ_{0}
siih,sirh,s-1?,s-ɨʔ,s-ɨʔ_{0}
sik,sik,s-ik,s-ik,s-ik_{0}
sim,sim,s-im,s-im,s-im_{0}
simh,simh,s-im?,s-imʔ,s-imʔ_{0}
sin,sin,s-in,s-in,s-in_{0}
sing,sing,s-iN,s-iŋ,s-iŋ_{0}
sinn,sinn,s-i~,s-ĩ,s-ĩ_{0}
sinnh,sinnh,s-i~?,s-ĩʔ,s-ĩʔ_{0}
sio,sioo,s-i-O,s-i-ɔ,s-i_{0}-ɔ_{0}
sioh,siooh,s-i-O?,s-i-ɔʔ,s-i_{0}-ɔʔ_{0}
siok,siok,s-i-Ok,s-i-ɔk,s-i_{0}-ɔk_{0}
siong,siong,s-i-ON,s-i-ɔŋ,s-i_{0}-ɔŋ_{0}
sionn,sionn,s-i~-o~,s-i-ɔ̃,s-i_{0}-ɔ̃_{0}
sip,sip,s-ip,s-ip,s-ip_{0}
sit,sit,s-it,s-it,s-it_{0}
siu,siu,s-i-u,s-i-u,s-i_{0}-u_{0}
siuh,siuh,s-i-u?,s-i-uʔ,s-i_{0}-uʔ_{0}
siunn,siunn,s-i~-u~,s-i-ũ,s-i_{0}-ũ_{0}
siut,siut,s-i-ut,s-i-ut,s-i_{0}-ut_{0}
sng,sng,s-@N,s-ŋ̩,s-ŋ̩_{0}
sngh,sngh,s-@N?,s-ŋ̩ʔ,s-ŋ̩ʔ_{0}
so,soo,s-O,s-ɔ,s-ɔ_{0}
soh,sooh,s-O?,s-ɔʔ,s-ɔʔ_{0}
sok,sok,s-Ok,s-ɔk,s-ɔk_{0}
som,som,s-Om,s-ɔm,s-ɔm_{0}
song,song,s-ON,s-ɔŋ,s-ɔŋ_{0}
sop,sop,s-Op,s-ɔp,s-ɔp_{0}
su,su,s-u,s-u,s-u_{0}
sua,sua,s-u-a,s-u-a,s-u_{0}-a_{0}
suah,suah,s-u-a?,s-u-aʔ,s-u_{0}-aʔ_{0}
suai,suai,s-u-ai,s-u-ai,s-u_{0}-ai_{0}
suainn,suainn,s-u~-a~i~,s-u-ãi,s-u_{0}-ãi_{0}
suainnh,suainnh,s-u~-a~i~?,s-u-ãiʔ,s-u_{0}-ãiʔ_{0}
suan,suan,s-u-an,s-u-an,s-u_{0}-an_{0}
suann,suann,s-u~-a~,s-u-ã,s-u_{0}-ã_{0}
suat,suat,s-u-at,s-u-at,s-u_{0}-at_{0}
sue,sue,s-u-E,s-u-e,s-u_{0}-e_{0}
sueh,sueh,s-u-E?,s-u-eʔ,s-u_{0}-eʔ_{0}
suh,suh,s-u?,s-uʔ,s-uʔ_{0}
sui,sui,s-u-i,s-u-i,s-u_{0}-i_{0}
suinn,suinn,s-u~-i~,s-u-ĩ,s-u_{0}-ĩ_{0}
sun,sun,s-un,s-un,s-un_{0}
sut,sut,s-ut,s-ut,s-ut_{0}
ta,tha,t-a,tʰ-a,tʰ-a_{0}
tah,thah,t-a?,tʰ-aʔ,tʰ-aʔ_{0}
tai,thai,t-ai,tʰ-ai,tʰ-ai_{0}
tainn,thainn,t-a~i~,tʰ-ãi,tʰ-ãi_{0}
tak,thak,t-ak,tʰ-ak,tʰ-ak_{0}
tam,tham,t-am,tʰ-am,tʰ-am_{0}
tan,than,t-an,tʰ-an,tʰ-an_{0}
tang,thang,t-aN,tʰ-aŋ,tʰ-aŋ_{0}
tann,thann,t-a~,tʰ-ã,tʰ-ã_{0}
tap,thap,t-ap,tʰ-ap,tʰ-ap_{0}
tat,that,t-at,tʰ-at,tʰ-at_{0}
tau,thau,t-au,tʰ-au,tʰ-au_{0}
te,the,t-E,tʰ-e,tʰ-e_{0}
teh,theh,t-E?,tʰ-eʔ,tʰ-eʔ_{0}
ten,thian,t-i-En,tʰ-i-en,tʰ-i_{0}-en_{0}
tenn,thenn,t-e~,tʰ-ẽ,tʰ-ẽ_{0}
ter,tho,t-@,tʰ-ə,tʰ-ə_{0}
ter,ther,t-@,tʰ-ə,tʰ-ə_{0}
terh,thoh,t-@?,tʰ-əʔ,tʰ-əʔ_{0}
tet,thiat,t-i-Et,tʰ-i-et,tʰ-i_{0}-et_{0}
ti,thi,t-i,tʰ-i,tʰ-i_{0}
tia,thia,t-i-a,tʰ-i-a,tʰ-i_{0}-a_{0}
tiah,thiah,t-i-a?,tʰ-i-aʔ,tʰ-i_{0}-aʔ_{0}
tiam,thiam,t-i-am,tʰ-i-am,tʰ-i_{0}-am_{0}
tiang,thiang,t-i-aN,tʰ-i-aŋ,tʰ-i_{0}-aŋ_{0}
tiann,thiann,t-i~-a~,tʰ-i-ã,tʰ-i_{0}-ã_{0}
tiap,thiap,t-i-ap,tʰ-i-ap,tʰ-i_{0}-ap_{0}
tiau,thiau,t-i-au,tʰ-i-au,tʰ-i_{0}-au_{0}
tien,thian,t-i-En,tʰ-i-en,tʰ-i_{0}-en_{0}
tier,thio,t-i-@,tʰ-i-ə,tʰ-i_{0}-ə_{0}
tiet,thiat,t-i-Et,tʰ-i-et,tʰ-i_{0}-et_{0}
tih,thih,t-i?,tʰ-iʔ,tʰ-iʔ_{0}
tik,thik,t-ik,tʰ-ik,tʰ-ik_{0}
tim,thim,t-im,tʰ-im,tʰ-im_{0}
tin,thin,t-in,tʰ-in,tʰ-in_{0}
ting,thing,t-iN,tʰ-iŋ,tʰ-iŋ_{0}
tinn,thinn,t-i~,tʰ-ĩ,tʰ-ĩ_{0}
tiok,thiok,t-i-Ok,tʰ-i-ɔk,tʰ-i_{0}-ɔk_{0}
tiong,thiong,t-i-ON,tʰ-i-ɔŋ,tʰ-i_{0}-ɔŋ_{0}
tit,thit,t-it,tʰ-it,tʰ-it_{0}
tiu,thiu,t-i-u,tʰ-i-u,tʰ-i_{0}-u_{0}
tiunn,thiunn,t-i~-u~,tʰ-i-ũ,tʰ-i_{0}-ũ_{0}
tng,thng,t-@N,tʰ-ŋ̩,tʰ-ŋ̩_{0}
to,thoo,t-O,tʰ-ɔ,tʰ-ɔ_{0}
tok,thok,t-Ok,tʰ-ɔk,tʰ-ɔk_{0}
tom,thom,t-Om,tʰ-ɔm,tʰ-ɔm_{0}
tong,thong,t-ON,tʰ-ɔŋ,tʰ-ɔŋ_{0}
top,thop,t-Op,tʰ-ɔp,tʰ-ɔp_{0}
tu,thu,t-u,tʰ-u,tʰ-u_{0}
tua,thua,t-u-a,tʰ-u-a,tʰ-u_{0}-a_{0}
tuah,thuah,t-u-a?,tʰ-u-aʔ,tʰ-u_{0}-aʔ_{0}
tuan,thuan,t-u-an,tʰ-u-an,tʰ-u_{0}-an_{0}
tuann,thuann,t-u~-a~,tʰ-u-ã,tʰ-u_{0}-ã_{0}
tuat,thuat,t-u-at,tʰ-u-at,tʰ-u_{0}-at_{0}
tue,thue,t-u-E,tʰ-u-e,tʰ-u_{0}-e_{0}
tueh,thueh,t-u-E?,tʰ-u-eʔ,tʰ-u_{0}-eʔ_{0}
tuh,thuh,t-u?,tʰ-uʔ,tʰ-uʔ_{0}
tui,thui,t-u-i,tʰ-u-i,tʰ-u_{0}-i_{0}
tuinn,thuinn,t-u~-i~,tʰ-u-ĩ,tʰ-u_{0}-ĩ_{0}
tun,thun,t-un,tʰ-un,tʰ-un_{0}
tut,thut,t-ut,tʰ-ut,tʰ-ut_{0}
u,u,u,u,u_{0}
ua,ua,u-a,u-a,u_{0}-a_{0}
uah,uah,u-a?,u-aʔ,u_{0}-aʔ_{0}
uai,uai,u-ai,u-ai,u_{0}-ai_{0}
uaih,uaih,u-ai?,u-aiʔ,u_{0}-aiʔ_{0}
uainn,uainn,u~-a~i~,u-ãi,u_{0}-ãi_{0}
uainnh,uainnh,u~-a~i~?,u-ãiʔ,u_{0}-ãiʔ_{0}
uak,uak,u-ak,u-ak,u_{0}-ak_{0}
uan,uan,u-an,u-an,u_{0}-an_{0}
uang,uang,u-aN,u-aŋ,u_{0}-aŋ_{0}
uann,uann,u~-a~,u-ã,u_{0}-ã_{0}
uat,uat,u-at,u-at,u_{0}-at_{0}
ue,ue,u-E,u-e,u_{0}-e_{0}
ueh,ueh,u-E?,u-eʔ,u_{0}-eʔ_{0}
uenn,uenn,u~-e~,u-ẽ,u_{0}-ẽ_{0}
uh,uh,u?,uʔ,uʔ_{0}
ui,ui,u-i,u-i,u_{0}-i_{0}
uih,uih,u-i?,u-iʔ,u_{0}-iʔ_{0}
uinn,uinn,u~-i~,u-ĩ,u_{0}-ĩ_{0}
un,un,un,un,un_{0}
ut,ut,ut,ut,ut_{0}
za,tsa,dz-a,t͡s-a,t͡s-a_{0}
zah,tsah,dz-a?,t͡s-aʔ,t͡s-aʔ_{0}
zai,tsai,dz-ai,t͡s-ai,t͡s-ai_{0}
zainn,tsainn,dz-a~i~,t͡s-ãi,t͡s-ãi_{0}
zak,tsak,dz-ak,t͡s-ak,t͡s-ak_{0}
zam,tsam,dz-am,t͡s-am,t͡s-am_{0}
zan,tsan,dz-an,t͡s-an,t͡s-an_{0}
zang,tsang,dz-aN,t͡s-aŋ,t͡s-aŋ_{0}
zann,tsann,dz-a~,t͡s-ã,t͡s-ã_{0}
zap,tsap,dz-ap,t͡s-ap,t͡s-ap_{0}
zat,tsat,dz-at,t͡s-at,t͡s-at_{0}
zau,tsau,dz-au,t͡s-au,t͡s-au_{0}
zauh,tsauh,dz-au?,t͡s-auʔ,t͡s-auʔ_{0}
ze,tse,dz-E,t͡s-e,t͡s-e_{0}
zeh,tseh,dz-E?,t͡s-eʔ,t͡s-eʔ_{0}
zen,tsian,dz-i-En,t͡s-i-en,t͡s-i_{0}-en_{0}
zenn,tsenn,dz-e~,t͡s-ẽ,t͡s-ẽ_{0}
zer,tso,dz-@,t͡s-ə,t͡s-ə_{0}
zer,tser,dz-@,t͡s-ə,t͡s-ə_{0}
zerh,tsoh,dz-@?,t͡s-əʔ,t͡s-əʔ_{0}
zerh,tserh,dz-@?,t͡s-əʔ,t͡s-əʔ_{0}
zet,tsiat,dz-i-Et,t͡s-i-et,t͡s-i_{0}-et_{0}
zi,tsi,dz-i,t͡s-i,t͡s-i_{0}
zia,tsia,dz-i-a,t͡s-i-a,t͡s-i_{0}-a_{0}
ziah,tsiah,dz-i-a?,t͡s-i-aʔ,t͡s-i_{0}-aʔ_{0}
ziak,tsiak,dz-i-ak,t͡s-i-ak,t͡s-i_{0}-ak_{0}
ziam,tsiam,dz-i-am,t͡s-i-am,t͡s-i_{0}-am_{0}
ziang,tsiang,dz-i-aN,t͡s-i-aŋ,t͡s-i_{0}-aŋ_{0}
ziann,tsiann,dz-i~-a~,t͡s-i-ã,t͡s-i_{0}-ã_{0}
ziap,tsiap,dz-i-ap,t͡s-i-ap,t͡s-i_{0}-ap_{0}
ziau,tsiau,dz-i-au,t͡s-i-au,t͡s-i_{0}-au_{0}
ziauh,tsiauh,dz-i-au?,t͡s-i-auʔ,t͡s-i_{0}-auʔ_{0}
zien,tsian,dz-i-En,t͡s-i-en,t͡s-i_{0}-en_{0}
zier,tsio,dz-i-@,t͡s-i-ə,t͡s-i_{0}-ə_{0}
zierh,tsioh,dz-i-@?,t͡s-i-əʔ,t͡s-i_{0}-əʔ_{0}
ziet,tsiat,dz-i-Et,t͡s-i-et,t͡s-i_{0}-et_{0}
zih,tsih,dz-i?,t͡s-iʔ,t͡s-iʔ_{0}
zii,tsir,dz-1,t͡s-ɨ,t͡s-ɨ_{0}
zik,tsik,dz-ik,t͡s-ik,t͡s-ik_{0}
zim,tsim,dz-im,t͡s-im,t͡s-im_{0}
zin,tsin,dz-in,t͡s-in,t͡s-in_{0}
zing,tsing,dz-iN,t͡s-iŋ,t͡s-iŋ_{0}
zinn,tsinn,dz-i~,t͡s-ĩ,t͡s-ĩ_{0}
zio,tsioo,dz-i-O,t͡s-i-ɔ,t͡s-i_{0}-ɔ_{0}
ziok,tsiok,dz-i-Ok,t͡s-i-ɔk,t͡s-i_{0}-ɔk_{0}
ziong,tsiong,dz-i-ON,t͡s-i-ɔŋ,t͡s-i_{0}-ɔŋ_{0}
zionn,tsionn,dz-i~-o~,t͡s-i-ɔ̃,t͡s-i_{0}-ɔ̃_{0}
zip,tsip,dz-ip,t͡s-ip,t͡s-ip_{0}
zit,tsit,dz-it,t͡s-it,t͡s-it_{0}
ziu,tsiu,dz-i-u,t͡s-i-u,t͡s-i_{0}-u_{0}
ziuh,tsiuh,dz-i-u?,t͡s-i-uʔ,t͡s-i_{0}-uʔ_{0}
ziunn,tsiunn,dz-i~-u~,t͡s-i-ũ,t͡s-i_{0}-ũ_{0}
zng,tsng,dz-@N,t͡s-ŋ̩,t͡s-ŋ̩_{0}
zngh,tsngh,dz-@N?,t͡s-ŋ̩ʔ,t͡s-ŋ̩ʔ_{0}
zo,tsoo,dz-O,t͡s-ɔ,t͡s-ɔ_{0}
zok,tsok,dz-Ok,t͡s-ɔk,t͡s-ɔk_{0}
zom,tsom,dz-Om,t͡s-ɔm,t͡s-ɔm_{0}
zong,tsong,dz-ON,t͡s-ɔŋ,t͡s-ɔŋ_{0}
zu,tsu,dz-u,t͡s-u,t͡s-u_{0}
zua,tsua,dz-u-a,t͡s-u-a,t͡s-u_{0}-a_{0}
zuah,tsuah,dz-u-a?,t͡s-u-aʔ,t͡s-u_{0}-aʔ_{0}
zuai,tsuai,dz-u-ai,t͡s-u-ai,t͡s-u_{0}-ai_{0}
zuainn,tsuainn,dz-u~-a~i~,t͡s-u-ãi,t͡s-u_{0}-ãi_{0}
zuan,tsuan,dz-u-an,t͡s-u-an,t͡s-u_{0}-an_{0}
zuann,tsuann,dz-u~-a~,t͡s-u-ã,t͡s-u_{0}-ã_{0}
zuat,tsuat,dz-u-at,t͡s-u-at,t͡s-u_{0}-at_{0}
zue,tsue,dz-u-E,t͡s-u-e,t͡s-u_{0}-e_{0}
zueh,tsueh,dz-u-E?,t͡s-u-eʔ,t͡s-u_{0}-eʔ_{0}
zuh,tsuh,dz-u?,t͡s-uʔ,t͡s-uʔ_{0}
zui,tsui,dz-u-i,t͡s-u-i,t͡s-u_{0}-i_{0}
zuinn,tsuinn,dz-u~-i~,t͡s-u-ĩ,t͡s-u_{0}-ĩ_{0}
zun,tsun,dz-un,t͡s-un,t͡s-un_{0}
zut,tsut,dz-ut,t͡s-ut,t͡s-ut_{0}
